trace_id,span_id,parent_span_id,service_name,operation_name,start_time,duration,tags
be92402f2cd5a04334aad348a8a8a293,10856a6c6b182849,,scenario1,GET /scenario1//employees,1777629722755585,7907,"[{""key"": ""http.flavor"", ""type"": ""string"", ""value"": ""1.1""}, {""key"": ""http.host"", ""type"": ""string"", ""value"": ""localhost:5001""}, {""key"": ""http.method"", ""type"": ""string"", ""value"": ""GET""}, {""key"": ""http.scheme"", ""type"": ""string"", ""value"": ""http""}, {""key"": ""http.server_name"", ""type"": ""string"", ""value"": ""0.0.0.0""}, {""key"": ""http.status_code"", ""type"": ""int64"", ""value"": 308}, {""key"": ""http.target"", ""type"": ""string"", ""value"": ""/scenario1//employees""}, {""key"": ""http.user_agent"", ""type"": ""string"", ""value"": ""Mozilla/5.0 (Windows NT 10.0; Win64; x64) AppleWebKit/537.36 (KHTML, like Gecko) Chrome/147.0.0.0 Safari/537.36 Edg/147.0.0.0""}, {""key"": ""net.host.name"", ""type"": ""string"", ""value"": ""localhost:5001""}, {""key"": ""net.host.port"", ""type"": ""int64"", ""value"": 5000}, {""key"": ""net.peer.ip"", ""type"": ""string"", ""value"": ""172.20.0.1""}, {""key"": ""net.peer.port"", ""type"": ""int64"", ""value"": 57512}, {""key"": ""otel.scope.name"", ""type"": ""string"", ""value"": ""opentelemetry.instrumentation.flask""}, {""key"": ""otel.scope.version"", ""type"": ""string"", ""value"": ""0.62b1""}, {""key"": ""span.kind"", ""type"": ""string"", ""value"": ""server""}]"
3e25ab17bc99da48f14c72285a2ec3cd,c7e0a189b00ae0b4,,scenario1,GET /scenario1/,1777629656655677,3806,"[{""key"": ""http.flavor"", ""type"": ""string"", ""value"": ""1.1""}, {""key"": ""http.host"", ""type"": ""string"", ""value"": ""localhost:5001""}, {""key"": ""http.method"", ""type"": ""string"", ""value"": ""GET""}, {""key"": ""http.route"", ""type"": ""string"", ""value"": ""/scenario1/""}, {""key"": ""http.scheme"", ""type"": ""string"", ""value"": ""http""}, {""key"": ""http.server_name"", ""type"": ""string"", ""value"": ""0.0.0.0""}, {""key"": ""http.status_code"", ""type"": ""int64"", ""value"": 200}, {""key"": ""http.target"", ""type"": ""string"", ""value"": ""/scenario1/""}, {""key"": ""http.user_agent"", ""type"": ""string"", ""value"": ""Mozilla/5.0 (Windows NT; Windows NT 10.0; en-US) WindowsPowerShell/5.1.26100.8115""}, {""key"": ""net.host.name"", ""type"": ""string"", ""value"": ""localhost:5001""}, {""key"": ""net.host.port"", ""type"": ""int64"", ""value"": 5000}, {""key"": ""net.peer.ip"", ""type"": ""string"", ""value"": ""172.20.0.1""}, {""key"": ""net.peer.port"", ""type"": ""int64"", ""value"": 49218}, {""key"": ""otel.scope.name"", ""type"": ""string"", ""value"": ""opentelemetry.instrumentation.flask""}, {""key"": ""otel.scope.version"", ""type"": ""string"", ""value"": ""0.62b1""}, {""key"": ""span.kind"", ""type"": ""string"", ""value"": ""server""}]"
1f59584b2b3d3d995edd45c8ef98dbf0,e52465591da87eed,,scenario1,GET /scenario1/employees,1777629706019001,261950,"[{""key"": ""error"", ""type"": ""bool"", ""value"": true}, {""key"": ""http.flavor"", ""type"": ""string"", ""value"": ""1.1""}, {""key"": ""http.host"", ""type"": ""string"", ""value"": ""localhost:5001""}, {""key"": ""http.method"", ""type"": ""string"", ""value"": ""GET""}, {""key"": ""http.route"", ""type"": ""string"", ""value"": ""/scenario1/employees""}, {""key"": ""http.scheme"", ""type"": ""string"", ""value"": ""http""}, {""key"": ""http.server_name"", ""type"": ""string"", ""value"": ""0.0.0.0""}, {""key"": ""http.status_code"", ""type"": ""int64"", ""value"": 500}, {""key"": ""http.target"", ""type"": ""string"", ""value"": ""/scenario1/employees""}, {""key"": ""http.user_agent"", ""type"": ""string"", ""value"": ""Mozilla/5.0 (Windows NT; Windows NT 10.0; en-US) WindowsPowerShell/5.1.26100.8115""}, {""key"": ""net.host.name"", ""type"": ""string"", ""value"": ""localhost:5001""}, {""key"": ""net.host.port"", ""type"": ""int64"", ""value"": 5000}, {""key"": ""net.peer.ip"", ""type"": ""string"", ""value"": ""172.20.0.1""}, {""key"": ""net.peer.port"", ""type"": ""int64"", ""value"": 37368}, {""key"": ""otel.scope.name"", ""type"": ""string"", ""value"": ""opentelemetry.instrumentation.flask""}, {""key"": ""otel.scope.version"", ""type"": ""string"", ""value"": ""0.62b1""}, {""key"": ""otel.status_code"", ""type"": ""string"", ""value"": ""ERROR""}, {""key"": ""otel.status_description"", ""type"": ""string"", ""value"": ""OperationalError: connection to server at \""scenario_db\"" (0.0.0.0), port 5432 failed: Connection refused\n\tIs the server running on that host and accepting TCP/IP connections?\n""}, {""key"": ""span.kind"", ""type"": ""string"", ""value"": ""server""}]"
55cc8d7605e930839c5e8a128ec10960,7f848ecb98d7e22b,9083cf230a99e97a,scenario1,SELECT,1777635625911712,150323,"[{""key"": ""db.name"", ""type"": ""string"", ""value"": ""scenariodb""}, {""key"": ""db.statement"", ""type"": ""string"", ""value"": ""SELECT * FROM customers""}, {""key"": ""db.system"", ""type"": ""string"", ""value"": ""postgresql""}, {""key"": ""db.user"", ""type"": ""string"", ""value"": ""postgres""}, {""key"": ""error"", ""type"": ""bool"", ""value"": true}, {""key"": ""net.peer.name"", ""type"": ""string"", ""value"": ""scenario_db""}, {""key"": ""net.peer.port"", ""type"": ""int64"", ""value"": 5432}, {""key"": ""otel.scope.name"", ""type"": ""string"", ""value"": ""opentelemetry.instrumentation.psycopg2""}, {""key"": ""otel.scope.version"", ""type"": ""string"", ""value"": ""0.62b1""}, {""key"": ""otel.status_code"", ""type"": ""string"", ""value"": ""ERROR""}, {""key"": ""otel.status_description"", ""type"": ""string"", ""value"": ""UndefinedTable: relation \""customers\"" does not exist\nLINE 1: SELECT * FROM customers\n                      ^\n""}, {""key"": ""span.kind"", ""type"": ""string"", ""value"": ""client""}]"
55cc8d7605e930839c5e8a128ec10960,9083cf230a99e97a,,scenario1,GET /scenario1/employees,1777635625005535,1208099,"[{""key"": ""error"", ""type"": ""bool"", ""value"": true}, {""key"": ""http.flavor"", ""type"": ""string"", ""value"": ""1.1""}, {""key"": ""http.host"", ""type"": ""string"", ""value"": ""localhost:5001""}, {""key"": ""http.method"", ""type"": ""string"", ""value"": ""GET""}, {""key"": ""http.route"", ""type"": ""string"", ""value"": ""/scenario1/employees""}, {""key"": ""http.scheme"", ""type"": ""string"", ""value"": ""http""}, {""key"": ""http.server_name"", ""type"": ""string"", ""value"": ""0.0.0.0""}, {""key"": ""http.status_code"", ""type"": ""int64"", ""value"": 500}, {""key"": ""http.target"", ""type"": ""string"", ""value"": ""/scenario1/employees""}, {""key"": ""http.user_agent"", ""type"": ""string"", ""value"": ""Mozilla/5.0 (Windows NT; Windows NT 10.0; en-US) WindowsPowerShell/5.1.26100.8115""}, {""key"": ""net.host.name"", ""type"": ""string"", ""value"": ""localhost:5001""}, {""key"": ""net.host.port"", ""type"": ""int64"", ""value"": 5000}, {""key"": ""net.peer.ip"", ""type"": ""string"", ""value"": ""172.20.0.1""}, {""key"": ""net.peer.port"", ""type"": ""int64"", ""value"": 45230}, {""key"": ""otel.scope.name"", ""type"": ""string"", ""value"": ""opentelemetry.instrumentation.flask""}, {""key"": ""otel.scope.version"", ""type"": ""string"", ""value"": ""0.62b1""}, {""key"": ""otel.status_code"", ""type"": ""string"", ""value"": ""ERROR""}, {""key"": ""otel.status_description"", ""type"": ""string"", ""value"": ""UndefinedTable: relation \""customers\"" does not exist\nLINE 1: SELECT * FROM customers\n                      ^\n""}, {""key"": ""span.kind"", ""type"": ""string"", ""value"": ""server""}]"
f68e0215ca58a91bc33e7f043a7be9fb,3dc4387df7683e5f,e800f15f2fc4a478,scenario1,SELECT,1777636136684315,967,"[{""key"": ""db.name"", ""type"": ""string"", ""value"": ""scenariodb""}, {""key"": ""db.statement"", ""type"": ""string"", ""value"": ""SELECT * FROM employees""}, {""key"": ""db.system"", ""type"": ""string"", ""value"": ""postgresql""}, {""key"": ""db.user"", ""type"": ""string"", ""value"": ""postgres""}, {""key"": ""net.peer.name"", ""type"": ""string"", ""value"": ""scenario_db""}, {""key"": ""net.peer.port"", ""type"": ""int64"", ""value"": 5432}, {""key"": ""otel.scope.name"", ""type"": ""string"", ""value"": ""opentelemetry.instrumentation.psycopg2""}, {""key"": ""otel.scope.version"", ""type"": ""string"", ""value"": ""0.62b1""}, {""key"": ""span.kind"", ""type"": ""string"", ""value"": ""client""}]"
f68e0215ca58a91bc33e7f043a7be9fb,e800f15f2fc4a478,,scenario1,GET /scenario1/employees,1777636136543070,145407,"[{""key"": ""http.flavor"", ""type"": ""string"", ""value"": ""1.1""}, {""key"": ""http.host"", ""type"": ""string"", ""value"": ""localhost:5001""}, {""key"": ""http.method"", ""type"": ""string"", ""value"": ""GET""}, {""key"": ""http.route"", ""type"": ""string"", ""value"": ""/scenario1/employees""}, {""key"": ""http.scheme"", ""type"": ""string"", ""value"": ""http""}, {""key"": ""http.server_name"", ""type"": ""string"", ""value"": ""0.0.0.0""}, {""key"": ""http.status_code"", ""type"": ""int64"", ""value"": 200}, {""key"": ""http.target"", ""type"": ""string"", ""value"": ""/scenario1/employees""}, {""key"": ""http.user_agent"", ""type"": ""string"", ""value"": ""Mozilla/5.0 (Windows NT; Windows NT 10.0; en-US) WindowsPowerShell/5.1.26100.8115""}, {""key"": ""net.host.name"", ""type"": ""string"", ""value"": ""localhost:5001""}, {""key"": ""net.host.port"", ""type"": ""int64"", ""value"": 5000}, {""key"": ""net.peer.ip"", ""type"": ""string"", ""value"": ""172.20.0.1""}, {""key"": ""net.peer.port"", ""type"": ""int64"", ""value"": 39326}, {""key"": ""otel.scope.name"", ""type"": ""string"", ""value"": ""opentelemetry.instrumentation.flask""}, {""key"": ""otel.scope.version"", ""type"": ""string"", ""value"": ""0.62b1""}, {""key"": ""span.kind"", ""type"": ""string"", ""value"": ""server""}]"
f68e0215ca58a91bc33e7f043a7be9fb,3b942c661f3afda9,e800f15f2fc4a478,scenario1,SELECT,1777636136661171,18321,"[{""key"": ""db.name"", ""type"": ""string"", ""value"": ""scenariodb""}, {""key"": ""db.statement"", ""type"": ""string"", ""value"": ""SELECT * FROM customers""}, {""key"": ""db.system"", ""type"": ""string"", ""value"": ""postgresql""}, {""key"": ""db.user"", ""type"": ""string"", ""value"": ""postgres""}, {""key"": ""net.peer.name"", ""type"": ""string"", ""value"": ""scenario_db""}, {""key"": ""net.peer.port"", ""type"": ""int64"", ""value"": 5432}, {""key"": ""otel.scope.name"", ""type"": ""string"", ""value"": ""opentelemetry.instrumentation.psycopg2""}, {""key"": ""otel.scope.version"", ""type"": ""string"", ""value"": ""0.62b1""}, {""key"": ""span.kind"", ""type"": ""string"", ""value"": ""client""}]"
f68e0215ca58a91bc33e7f043a7be9fb,205732c16d353db8,e800f15f2fc4a478,scenario1,SELECT,1777636136679885,622,"[{""key"": ""db.name"", ""type"": ""string"", ""value"": ""scenariodb""}, {""key"": ""db.statement"", ""type"": ""string"", ""value"": ""SELECT * FROM customers""}, {""key"": ""db.system"", ""type"": ""string"", ""value"": ""postgresql""}, {""key"": ""db.user"", ""type"": ""string"", ""value"": ""postgres""}, {""key"": ""net.peer.name"", ""type"": ""string"", ""value"": ""scenario_db""}, {""key"": ""net.peer.port"", ""type"": ""int64"", ""value"": 5432}, {""key"": ""otel.scope.name"", ""type"": ""string"", ""value"": ""opentelemetry.instrumentation.psycopg2""}, {""key"": ""otel.scope.version"", ""type"": ""string"", ""value"": ""0.62b1""}, {""key"": ""span.kind"", ""type"": ""string"", ""value"": ""client""}]"
f68e0215ca58a91bc33e7f043a7be9fb,400891cb90771ea1,e800f15f2fc4a478,scenario1,SELECT,1777636136681082,2858,"[{""key"": ""db.name"", ""type"": ""string"", ""value"": ""scenariodb""}, {""key"": ""db.statement"", ""type"": ""string"", ""value"": ""SELECT * FROM employees""}, {""key"": ""db.system"", ""type"": ""string"", ""value"": ""postgresql""}, {""key"": ""db.user"", ""type"": ""string"", ""value"": ""postgres""}, {""key"": ""net.peer.name"", ""type"": ""string"", ""value"": ""scenario_db""}, {""key"": ""net.peer.port"", ""type"": ""int64"", ""value"": 5432}, {""key"": ""otel.scope.name"", ""type"": ""string"", ""value"": ""opentelemetry.instrumentation.psycopg2""}, {""key"": ""otel.scope.version"", ""type"": ""string"", ""value"": ""0.62b1""}, {""key"": ""span.kind"", ""type"": ""string"", ""value"": ""client""}]"
fa42c4c3d64f37c5d12e85a2c26b730b,7ee6ce5101cc206f,,scenario1,GET /scenario1/employees,1777629722794112,8330,"[{""key"": ""error"", ""type"": ""bool"", ""value"": true}, {""key"": ""http.flavor"", ""type"": ""string"", ""value"": ""1.1""}, {""key"": ""http.host"", ""type"": ""string"", ""value"": ""localhost:5001""}, {""key"": ""http.method"", ""type"": ""string"", ""value"": ""GET""}, {""key"": ""http.route"", ""type"": ""string"", ""value"": ""/scenario1/employees""}, {""key"": ""http.scheme"", ""type"": ""string"", ""value"": ""http""}, {""key"": ""http.server_name"", ""type"": ""string"", ""value"": ""0.0.0.0""}, {""key"": ""http.status_code"", ""type"": ""int64"", ""value"": 500}, {""key"": ""http.target"", ""type"": ""string"", ""value"": ""/scenario1/employees""}, {""key"": ""http.user_agent"", ""type"": ""string"", ""value"": ""Mozilla/5.0 (Windows NT 10.0; Win64; x64) AppleWebKit/537.36 (KHTML, like Gecko) Chrome/147.0.0.0 Safari/537.36 Edg/147.0.0.0""}, {""key"": ""net.host.name"", ""type"": ""string"", ""value"": ""localhost:5001""}, {""key"": ""net.host.port"", ""type"": ""int64"", ""value"": 5000}, {""key"": ""net.peer.ip"", ""type"": ""string"", ""value"": ""172.20.0.1""}, {""key"": ""net.peer.port"", ""type"": ""int64"", ""value"": 57518}, {""key"": ""otel.scope.name"", ""type"": ""string"", ""value"": ""opentelemetry.instrumentation.flask""}, {""key"": ""otel.scope.version"", ""type"": ""string"", ""value"": ""0.62b1""}, {""key"": ""otel.status_code"", ""type"": ""string"", ""value"": ""ERROR""}, {""key"": ""otel.status_description"", ""type"": ""string"", ""value"": ""OperationalError: connection to server at \""scenario_db\"" (0.0.0.0), port 5432 failed: Connection refused\n\tIs the server running on that host and accepting TCP/IP connections?\n""}, {""key"": ""span.kind"", ""type"": ""string"", ""value"": ""server""}]"
ac429a69fd92a57fda8ff21550112b08,66880b58c9240045,,scenario1,GET /favicon.ico,1777629686388789,9418,"[{""key"": ""http.flavor"", ""type"": ""string"", ""value"": ""1.1""}, {""key"": ""http.host"", ""type"": ""string"", ""value"": ""localhost:5001""}, {""key"": ""http.method"", ""type"": ""string"", ""value"": ""GET""}, {""key"": ""http.scheme"", ""type"": ""string"", ""value"": ""http""}, {""key"": ""http.server_name"", ""type"": ""string"", ""value"": ""0.0.0.0""}, {""key"": ""http.status_code"", ""type"": ""int64"", ""value"": 404}, {""key"": ""http.target"", ""type"": ""string"", ""value"": ""/favicon.ico""}, {""key"": ""http.user_agent"", ""type"": ""string"", ""value"": ""Mozilla/5.0 (Windows NT 10.0; Win64; x64) AppleWebKit/537.36 (KHTML, like Gecko) Chrome/147.0.0.0 Safari/537.36 Edg/147.0.0.0""}, {""key"": ""net.host.name"", ""type"": ""string"", ""value"": ""localhost:5001""}, {""key"": ""net.host.port"", ""type"": ""int64"", ""value"": 5000}, {""key"": ""net.peer.ip"", ""type"": ""string"", ""value"": ""172.20.0.1""}, {""key"": ""net.peer.port"", ""type"": ""int64"", ""value"": 48360}, {""key"": ""otel.scope.name"", ""type"": ""string"", ""value"": ""opentelemetry.instrumentation.flask""}, {""key"": ""otel.scope.version"", ""type"": ""string"", ""value"": ""0.62b1""}, {""key"": ""span.kind"", ""type"": ""string"", ""value"": ""server""}]"
31f1194059a977fa995c1fc1de13e2ec,64c0d73415d7ea4b,,scenario1,GET /scenario1/,1777636024287684,349769,"[{""key"": ""http.flavor"", ""type"": ""string"", ""value"": ""1.1""}, {""key"": ""http.host"", ""type"": ""string"", ""value"": ""localhost:5001""}, {""key"": ""http.method"", ""type"": ""string"", ""value"": ""GET""}, {""key"": ""http.route"", ""type"": ""string"", ""value"": ""/scenario1/""}, {""key"": ""http.scheme"", ""type"": ""string"", ""value"": ""http""}, {""key"": ""http.server_name"", ""type"": ""string"", ""value"": ""0.0.0.0""}, {""key"": ""http.status_code"", ""type"": ""int64"", ""value"": 200}, {""key"": ""http.target"", ""type"": ""string"", ""value"": ""/scenario1/""}, {""key"": ""http.user_agent"", ""type"": ""string"", ""value"": ""Mozilla/5.0 (Windows NT; Windows NT 10.0; en-US) WindowsPowerShell/5.1.26100.8115""}, {""key"": ""net.host.name"", ""type"": ""string"", ""value"": ""localhost:5001""}, {""key"": ""net.host.port"", ""type"": ""int64"", ""value"": 5000}, {""key"": ""net.peer.ip"", ""type"": ""string"", ""value"": ""172.20.0.1""}, {""key"": ""net.peer.port"", ""type"": ""int64"", ""value"": 47474}, {""key"": ""otel.scope.name"", ""type"": ""string"", ""value"": ""opentelemetry.instrumentation.flask""}, {""key"": ""otel.scope.version"", ""type"": ""string"", ""value"": ""0.62b1""}, {""key"": ""span.kind"", ""type"": ""string"", ""value"": ""server""}]"
53385eabbaa76e8ac772e8ff785bd6cd,1d7839992d5279ea,e64307e2c354aa92,scenario1,SELECT,1777636100887812,161865,"[{""key"": ""db.name"", ""type"": ""string"", ""value"": ""scenariodb""}, {""key"": ""db.statement"", ""type"": ""string"", ""value"": ""SELECT * FROM customers""}, {""key"": ""db.system"", ""type"": ""string"", ""value"": ""postgresql""}, {""key"": ""db.user"", ""type"": ""string"", ""value"": ""postgres""}, {""key"": ""net.peer.name"", ""type"": ""string"", ""value"": ""scenario_db""}, {""key"": ""net.peer.port"", ""type"": ""int64"", ""value"": 5432}, {""key"": ""otel.scope.name"", ""type"": ""string"", ""value"": ""opentelemetry.instrumentation.psycopg2""}, {""key"": ""otel.scope.version"", ""type"": ""string"", ""value"": ""0.62b1""}, {""key"": ""span.kind"", ""type"": ""string"", ""value"": ""client""}]"
53385eabbaa76e8ac772e8ff785bd6cd,b21a43c563dba943,e64307e2c354aa92,scenario1,SELECT,1777636101050876,718,"[{""key"": ""db.name"", ""type"": ""string"", ""value"": ""scenariodb""}, {""key"": ""db.statement"", ""type"": ""string"", ""value"": ""SELECT * FROM customers""}, {""key"": ""db.system"", ""type"": ""string"", ""value"": ""postgresql""}, {""key"": ""db.user"", ""type"": ""string"", ""value"": ""postgres""}, {""key"": ""net.peer.name"", ""type"": ""string"", ""value"": ""scenario_db""}, {""key"": ""net.peer.port"", ""type"": ""int64"", ""value"": 5432}, {""key"": ""otel.scope.name"", ""type"": ""string"", ""value"": ""opentelemetry.instrumentation.psycopg2""}, {""key"": ""otel.scope.version"", ""type"": ""string"", ""value"": ""0.62b1""}, {""key"": ""span.kind"", ""type"": ""string"", ""value"": ""client""}]"
53385eabbaa76e8ac772e8ff785bd6cd,23e3ece2706f0a30,e64307e2c354aa92,scenario1,SELECT,1777636101051797,5028,"[{""key"": ""db.name"", ""type"": ""string"", ""value"": ""scenariodb""}, {""key"": ""db.statement"", ""type"": ""string"", ""value"": ""SELECT * FROM employees""}, {""key"": ""db.system"", ""type"": ""string"", ""value"": ""postgresql""}, {""key"": ""db.user"", ""type"": ""string"", ""value"": ""postgres""}, {""key"": ""net.peer.name"", ""type"": ""string"", ""value"": ""scenario_db""}, {""key"": ""net.peer.port"", ""type"": ""int64"", ""value"": 5432}, {""key"": ""otel.scope.name"", ""type"": ""string"", ""value"": ""opentelemetry.instrumentation.psycopg2""}, {""key"": ""otel.scope.version"", ""type"": ""string"", ""value"": ""0.62b1""}, {""key"": ""span.kind"", ""type"": ""string"", ""value"": ""client""}]"
53385eabbaa76e8ac772e8ff785bd6cd,32cf4abf71ef430f,e64307e2c354aa92,scenario1,SELECT,1777636101057302,1496,"[{""key"": ""db.name"", ""type"": ""string"", ""value"": ""scenariodb""}, {""key"": ""db.statement"", ""type"": ""string"", ""value"": ""SELECT * FROM employees""}, {""key"": ""db.system"", ""type"": ""string"", ""value"": ""postgresql""}, {""key"": ""db.user"", ""type"": ""string"", ""value"": ""postgres""}, {""key"": ""net.peer.name"", ""type"": ""string"", ""value"": ""scenario_db""}, {""key"": ""net.peer.port"", ""type"": ""int64"", ""value"": 5432}, {""key"": ""otel.scope.name"", ""type"": ""string"", ""value"": ""opentelemetry.instrumentation.psycopg2""}, {""key"": ""otel.scope.version"", ""type"": ""string"", ""value"": ""0.62b1""}, {""key"": ""span.kind"", ""type"": ""string"", ""value"": ""client""}]"
53385eabbaa76e8ac772e8ff785bd6cd,e64307e2c354aa92,,scenario1,GET /scenario1/employees,1777636100513460,571097,"[{""key"": ""http.flavor"", ""type"": ""string"", ""value"": ""1.1""}, {""key"": ""http.host"", ""type"": ""string"", ""value"": ""localhost:5001""}, {""key"": ""http.method"", ""type"": ""string"", ""value"": ""GET""}, {""key"": ""http.route"", ""type"": ""string"", ""value"": ""/scenario1/employees""}, {""key"": ""http.scheme"", ""type"": ""string"", ""value"": ""http""}, {""key"": ""http.server_name"", ""type"": ""string"", ""value"": ""0.0.0.0""}, {""key"": ""http.status_code"", ""type"": ""int64"", ""value"": 200}, {""key"": ""http.target"", ""type"": ""string"", ""value"": ""/scenario1/employees""}, {""key"": ""http.user_agent"", ""type"": ""string"", ""value"": ""Mozilla/5.0 (Windows NT; Windows NT 10.0; en-US) WindowsPowerShell/5.1.26100.8115""}, {""key"": ""net.host.name"", ""type"": ""string"", ""value"": ""localhost:5001""}, {""key"": ""net.host.port"", ""type"": ""int64"", ""value"": 5000}, {""key"": ""net.peer.ip"", ""type"": ""string"", ""value"": ""172.20.0.1""}, {""key"": ""net.peer.port"", ""type"": ""int64"", ""value"": 50358}, {""key"": ""otel.scope.name"", ""type"": ""string"", ""value"": ""opentelemetry.instrumentation.flask""}, {""key"": ""otel.scope.version"", ""type"": ""string"", ""value"": ""0.62b1""}, {""key"": ""span.kind"", ""type"": ""string"", ""value"": ""server""}]"
2c54735710c7c0bfad2710fb84139328,5b3203d182f1f72c,,scenario1,GET /scenario1/,1777636136136505,56561,"[{""key"": ""http.flavor"", ""type"": ""string"", ""value"": ""1.1""}, {""key"": ""http.host"", ""type"": ""string"", ""value"": ""localhost:5001""}, {""key"": ""http.method"", ""type"": ""string"", ""value"": ""GET""}, {""key"": ""http.route"", ""type"": ""string"", ""value"": ""/scenario1/""}, {""key"": ""http.scheme"", ""type"": ""string"", ""value"": ""http""}, {""key"": ""http.server_name"", ""type"": ""string"", ""value"": ""0.0.0.0""}, {""key"": ""http.status_code"", ""type"": ""int64"", ""value"": 200}, {""key"": ""http.target"", ""type"": ""string"", ""value"": ""/scenario1/""}, {""key"": ""http.user_agent"", ""type"": ""string"", ""value"": ""Mozilla/5.0 (Windows NT; Windows NT 10.0; en-US) WindowsPowerShell/5.1.26100.8115""}, {""key"": ""net.host.name"", ""type"": ""string"", ""value"": ""localhost:5001""}, {""key"": ""net.host.port"", ""type"": ""int64"", ""value"": 5000}, {""key"": ""net.peer.ip"", ""type"": ""string"", ""value"": ""172.20.0.1""}, {""key"": ""net.peer.port"", ""type"": ""int64"", ""value"": 39324}, {""key"": ""otel.scope.name"", ""type"": ""string"", ""value"": ""opentelemetry.instrumentation.flask""}, {""key"": ""otel.scope.version"", ""type"": ""string"", ""value"": ""0.62b1""}, {""key"": ""span.kind"", ""type"": ""string"", ""value"": ""server""}]"
447bc31080fe94a2006b5a692745dc03,bbf6cf24b3453542,,scenario1,GET /scenario1/,1777629685534786,24110,"[{""key"": ""http.flavor"", ""type"": ""string"", ""value"": ""1.1""}, {""key"": ""http.host"", ""type"": ""string"", ""value"": ""localhost:5001""}, {""key"": ""http.method"", ""type"": ""string"", ""value"": ""GET""}, {""key"": ""http.route"", ""type"": ""string"", ""value"": ""/scenario1/""}, {""key"": ""http.scheme"", ""type"": ""string"", ""value"": ""http""}, {""key"": ""http.server_name"", ""type"": ""string"", ""value"": ""0.0.0.0""}, {""key"": ""http.status_code"", ""type"": ""int64"", ""value"": 200}, {""key"": ""http.target"", ""type"": ""string"", ""value"": ""/scenario1/""}, {""key"": ""http.user_agent"", ""type"": ""string"", ""value"": ""Mozilla/5.0 (Windows NT 10.0; Win64; x64) AppleWebKit/537.36 (KHTML, like Gecko) Chrome/147.0.0.0 Safari/537.36 Edg/147.0.0.0""}, {""key"": ""net.host.name"", ""type"": ""string"", ""value"": ""localhost:5001""}, {""key"": ""net.host.port"", ""type"": ""int64"", ""value"": 5000}, {""key"": ""net.peer.ip"", ""type"": ""string"", ""value"": ""172.20.0.1""}, {""key"": ""net.peer.port"", ""type"": ""int64"", ""value"": 48356}, {""key"": ""otel.scope.name"", ""type"": ""string"", ""value"": ""opentelemetry.instrumentation.flask""}, {""key"": ""otel.scope.version"", ""type"": ""string"", ""value"": ""0.62b1""}, {""key"": ""span.kind"", ""type"": ""string"", ""value"": ""server""}]"
20a43db4e62cddf28472a0c454e3ecdd,b8d55e31e677daee,,scenario1,GET /.well-known/appspecific/com.chrome.devtools.json,1777629727272392,3211,"[{""key"": ""http.flavor"", ""type"": ""string"", ""value"": ""1.1""}, {""key"": ""http.host"", ""type"": ""string"", ""value"": ""localhost:5001""}, {""key"": ""http.method"", ""type"": ""string"", ""value"": ""GET""}, {""key"": ""http.scheme"", ""type"": ""string"", ""value"": ""http""}, {""key"": ""http.server_name"", ""type"": ""string"", ""value"": ""0.0.0.0""}, {""key"": ""http.status_code"", ""type"": ""int64"", ""value"": 404}, {""key"": ""http.target"", ""type"": ""string"", ""value"": ""/.well-known/appspecific/com.chrome.devtools.json""}, {""key"": ""http.user_agent"", ""type"": ""string"", ""value"": ""Mozilla/5.0 (Windows NT 10.0; Win64; x64) AppleWebKit/537.36 (KHTML, like Gecko) Chrome/147.0.0.0 Safari/537.36 Edg/147.0.0.0""}, {""key"": ""net.host.name"", ""type"": ""string"", ""value"": ""localhost:5001""}, {""key"": ""net.host.port"", ""type"": ""int64"", ""value"": 5000}, {""key"": ""net.peer.ip"", ""type"": ""string"", ""value"": ""172.20.0.1""}, {""key"": ""net.peer.port"", ""type"": ""int64"", ""value"": 44678}, {""key"": ""otel.scope.name"", ""type"": ""string"", ""value"": ""opentelemetry.instrumentation.flask""}, {""key"": ""otel.scope.version"", ""type"": ""string"", ""value"": ""0.62b1""}, {""key"": ""span.kind"", ""type"": ""string"", ""value"": ""server""}]"
65ae6a4b68fcda6a16b9171fcbde61db,612734f8de6a75bb,d08e6790f67914d6,scenario1,SELECT,1777635628919622,2041,"[{""key"": ""db.name"", ""type"": ""string"", ""value"": ""scenariodb""}, {""key"": ""db.statement"", ""type"": ""string"", ""value"": ""SELECT * FROM products""}, {""key"": ""db.system"", ""type"": ""string"", ""value"": ""postgresql""}, {""key"": ""db.user"", ""type"": ""string"", ""value"": ""postgres""}, {""key"": ""error"", ""type"": ""bool"", ""value"": true}, {""key"": ""net.peer.name"", ""type"": ""string"", ""value"": ""scenario_db""}, {""key"": ""net.peer.port"", ""type"": ""int64"", ""value"": 5432}, {""key"": ""otel.scope.name"", ""type"": ""string"", ""value"": ""opentelemetry.instrumentation.psycopg2""}, {""key"": ""otel.scope.version"", ""type"": ""string"", ""value"": ""0.62b1""}, {""key"": ""otel.status_code"", ""type"": ""string"", ""value"": ""ERROR""}, {""key"": ""otel.status_description"", ""type"": ""string"", ""value"": ""UndefinedTable: relation \""products\"" does not exist\nLINE 1: SELECT * FROM products\n                      ^\n""}, {""key"": ""span.kind"", ""type"": ""string"", ""value"": ""client""}]"
65ae6a4b68fcda6a16b9171fcbde61db,d08e6790f67914d6,,scenario1,GET /scenario1/orders,1777635628894494,28691,"[{""key"": ""error"", ""type"": ""bool"", ""value"": true}, {""key"": ""http.flavor"", ""type"": ""string"", ""value"": ""1.1""}, {""key"": ""http.host"", ""type"": ""string"", ""value"": ""localhost:5001""}, {""key"": ""http.method"", ""type"": ""string"", ""value"": ""GET""}, {""key"": ""http.route"", ""type"": ""string"", ""value"": ""/scenario1/orders""}, {""key"": ""http.scheme"", ""type"": ""string"", ""value"": ""http""}, {""key"": ""http.server_name"", ""type"": ""string"", ""value"": ""0.0.0.0""}, {""key"": ""http.status_code"", ""type"": ""int64"", ""value"": 500}, {""key"": ""http.target"", ""type"": ""string"", ""value"": ""/scenario1/orders""}, {""key"": ""http.user_agent"", ""type"": ""string"", ""value"": ""Mozilla/5.0 (Windows NT; Windows NT 10.0; en-US) WindowsPowerShell/5.1.26100.8115""}, {""key"": ""net.host.name"", ""type"": ""string"", ""value"": ""localhost:5001""}, {""key"": ""net.host.port"", ""type"": ""int64"", ""value"": 5000}, {""key"": ""net.peer.ip"", ""type"": ""string"", ""value"": ""172.20.0.1""}, {""key"": ""net.peer.port"", ""type"": ""int64"", ""value"": 45930}, {""key"": ""otel.scope.name"", ""type"": ""string"", ""value"": ""opentelemetry.instrumentation.flask""}, {""key"": ""otel.scope.version"", ""type"": ""string"", ""value"": ""0.62b1""}, {""key"": ""otel.status_code"", ""type"": ""string"", ""value"": ""ERROR""}, {""key"": ""otel.status_description"", ""type"": ""string"", ""value"": ""UndefinedTable: relation \""products\"" does not exist\nLINE 1: SELECT * FROM products\n                      ^\n""}, {""key"": ""span.kind"", ""type"": ""string"", ""value"": ""server""}]"
8405384d61a860c0e2b98743c6f297b9,84f7370ab734ba55,,scenario1,GET /scenario1/,1777635628973666,1546,"[{""key"": ""http.flavor"", ""type"": ""string"", ""value"": ""1.1""}, {""key"": ""http.host"", ""type"": ""string"", ""value"": ""localhost:5001""}, {""key"": ""http.method"", ""type"": ""string"", ""value"": ""GET""}, {""key"": ""http.route"", ""type"": ""string"", ""value"": ""/scenario1/""}, {""key"": ""http.scheme"", ""type"": ""string"", ""value"": ""http""}, {""key"": ""http.server_name"", ""type"": ""string"", ""value"": ""0.0.0.0""}, {""key"": ""http.status_code"", ""type"": ""int64"", ""value"": 200}, {""key"": ""http.target"", ""type"": ""string"", ""value"": ""/scenario1/""}, {""key"": ""http.user_agent"", ""type"": ""string"", ""value"": ""Mozilla/5.0 (Windows NT; Windows NT 10.0; en-US) WindowsPowerShell/5.1.26100.8115""}, {""key"": ""net.host.name"", ""type"": ""string"", ""value"": ""localhost:5001""}, {""key"": ""net.host.port"", ""type"": ""int64"", ""value"": 5000}, {""key"": ""net.peer.ip"", ""type"": ""string"", ""value"": ""172.20.0.1""}, {""key"": ""net.peer.port"", ""type"": ""int64"", ""value"": 45932}, {""key"": ""otel.scope.name"", ""type"": ""string"", ""value"": ""opentelemetry.instrumentation.flask""}, {""key"": ""otel.scope.version"", ""type"": ""string"", ""value"": ""0.62b1""}, {""key"": ""span.kind"", ""type"": ""string"", ""value"": ""server""}]"
